State,Year,Violent Crime rate,Murder and nonnegligent manslaughter rate,Rape rate,Robbery rate,Aggravated assault rate,Property crime rate,Burglary rate,Larceny-theft rate,Motor vehicle theft rate,Total Crime Rate
Alabama,2000,486.2,7.4,33.3,128.2,317.2,4059.7,906.9,2864.8,288,9091.7
Alabama,2001,438.2,8.5,30.6,125,274.1,3876.8,909.4,2685,282.4,8630
Alabama,2002,445,6.8,37.2,133.1,268,4027.8,950.6,2767,310.1,8945.6
Alabama,2003,429.2,6.6,36.8,134.1,251.7,4046.4,960.2,2754.1,332.1,8951.2
Alabama,2004,427,5.6,38.5,133.5,249.4,4029.3,987,2732.4,309.9,8912.6
Alabama,2005,433,8.2,34.4,141.7,248.3,3900,955.8,2656,289,8666.4
Alabama,2006,425.2,8.3,35.8,153.6,227.5,3941,973.7,2640.8,326.5,8732.4
Alabama,2007,448.9,8.9,33.4,159.9,246.7,3977.7,980.6,2689.5,307.7,8853.3
Alabama,2008,452.8,7.5,34.7,157.6,253,4084.5,1081.3,2714.3,288.9,9074.6
Alabama,2009,450.1,6.8,31.9,133.1,278.3,3780.4,1037.3,2507.5,235.5,8460.9
Alabama,2010,383.7,5.7,28.3,101.6,248,3528,887.8,2414.9,225.3,7823.3
Alabama,2011,419.8,6.2,28.5,102.1,282.9,3605.4,1064.2,2319.3,222,8050.4
Alabama,2012,450.3,7.1,26.9,104.2,312.1,3505.5,985.6,2314.9,205,7911.6
Alabama,2013,431,7.2,42.5,96.1,285.2,3347.9,877.3,2252,218.5,7557.7
Alabama,2014,427.4,5.7,41.3,96.9,283.4,3177.6,819,2149.5,209.1,7209.9
Alaska,2000,566.9,4.3,79.3,78.2,405.1,3682.5,621.9,2685.8,374.8,8498.8
Alaska,2001,589.5,6.2,79.1,81.1,423.1,3655.1,607.1,2634.8,413.2,8489.2
Alaska,2002,565.4,5.1,79.7,76.2,404.4,3759.7,609.2,2765.3,385.2,8650.2
Alaska,2003,598,6,93.3,68.8,429.9,3761.6,597.6,2784.4,379.6,8719.2
Alaska,2004,632.3,5.6,84.8,68,473.9,3370.9,573.6,2456.7,340.6,8006.4
Alaska,2005,632,4.8,81.1,81,465.4,3615,622.8,2601,391,8494.1
Alaska,2006,688,5.4,76.4,89.5,516.7,3578.1,620.1,2579.5,378.5,8532.2
Alaska,2007,661.3,6.3,79.7,85,490.3,3379.2,546.3,2476.9,356,8081
Alaska,2008,652.1,3.9,65.1,94,489,2927.3,471.7,2218.4,237.2,7158.7
Alaska,2009,633.4,3.1,73.4,93.6,463.2,2940.4,515.4,2183.5,241.5,7147.5
Alaska,2010,635.3,4.3,74.6,83.2,473.2,2836.8,434.8,2175.3,226.7,6944.2
Alaska,2011,610.1,4.1,60.2,79.6,466.1,2637.8,394,2052.1,191.7,6495.7
Alaska,2012,604.1,4.1,79.8,86.3,433.9,2743.6,403.9,2131.3,208.4,6695.4
Alaska,2013,638.7,4.6,125.5,84.5,424.1,2877,395.7,2251.4,229.9,7031.4
Alaska,2014,635.8,5.6,104.7,85.4,440.2,2760,427.6,2096.4,236,6791.7
Arizona,2000,531.7,7,30.7,146.3,347.7,5297.8,1011.6,3444.1,842.1,11659
Arizona,2001,540.3,7.5,28.6,167.1,337.1,5537.5,1033,3520.8,983.7,12155.6
Arizona,2002,554.5,7.1,29.6,147,370.8,5849.8,1085.9,3704,1059.9,12808.6
Arizona,2003,513.3,7.9,33.3,136.6,335.6,5634,1050.6,3561.9,1021.6,12294.8
Arizona,2004,504.4,7.2,33,134.5,329.6,5073.3,991,3118.7,963.5,11155.2
Arizona,2005,512,7.5,33.7,144.1,326.7,4827,946.2,2958,922,10677.2
Arizona,2006,542.6,8.6,39.7,153.9,340.3,4774.1,963.6,2891.9,918.7,10633.4
Arizona,2007,518,8.6,37.1,154,318.2,4532.6,946.4,2793.5,792.6,10101
Arizona,2008,485.6,7.1,33.8,150.9,293.8,4102.2,901.6,2607,593.6,9175.6
Arizona,2009,426.5,5.8,34.6,124.3,261.8,3589,823.4,2364.8,400.8,8031
Arizona,2010,413.6,6.4,34.2,108.4,264.7,3536.5,794.2,2403.4,338.9,7900.3
Arizona,2011,414.2,6.1,38.6,110.5,259,3554.7,845.7,2402.9,306.2,7937.9
Arizona,2012,428.6,5.5,34.8,112.7,275.6,3536.8,807.7,2439.4,289.8,7930.9
Arizona,2013,415.6,5.4,47.8,100.3,262.1,3365.4,727.8,2381.9,255.7,7562
Arizona,2014,399.9,4.7,50.2,92.8,252.1,3197.5,647.1,2289.1,261.3,7194.7
Arkansas,2000,445.3,6.3,31.7,74.8,332.4,3670,802.1,2608.7,259.3,8230.6
Arkansas,2001,452.4,5.5,33.1,80.9,332.8,3677.8,823.7,2582.5,271.6,8260.3
Arkansas,2002,425,5.2,27.9,93.3,298.6,3738.4,858.3,2628.3,251.7,8326.7
Arkansas,2003,456.4,6.6,33.4,81.6,334.7,3632.4,917.1,2495.1,220.2,8177.5
Arkansas,2004,502.3,6.4,43,86.3,366.7,4033.1,1096.4,2699.7,237,9070.9
Arkansas,2005,528,6.8,43.3,91.2,387.2,4068,1085.1,2720,262,9191.6
Arkansas,2006,552.8,7.3,47.1,97.8,400.6,3985.4,1133.6,2584.5,267.4,9076.5
Arkansas,2007,537.1,7,45.6,109.5,374.9,3955.5,1130.1,2578.5,246.9,8985.1
Arkansas,2008,513,5.8,51.2,97.3,358.8,3865,1187.6,2448.2,229.1,8756
Arkansas,2009,515.8,6.2,47.7,89.2,372.8,3775,1202.8,2361.3,211,8581.8
Arkansas,2010,503.5,4.6,45.2,81.1,372.6,3553.5,1111.1,2252.1,190.3,8114
Arkansas,2011,482.3,5.4,41.9,80.2,354.8,3757.9,1157.6,2404.1,196.3,8480.5
Arkansas,2012,469.6,5.9,41.8,78.3,343.5,3708.3,1107.6,2406.3,194.4,8355.7
Arkansas,2013,463.2,5.3,50.4,76.4,331.1,3598.7,1026.4,2380.4,191.9,8123.8
Arkansas,2014,480.1,5.6,59.4,69.1,346,3338,835.7,2313.5,188.8,7636.2
California,2000,621.6,6.1,28.9,177.9,408.7,3118.2,656.3,1924.5,537.4,7479.6
California,2001,615.2,6.4,28.8,186.7,393.3,3278,671.3,2016.6,590.1,7786.4
California,2002,595.4,6.8,29.1,185.6,373.8,3361.2,681.2,2044.7,635.3,7913.1
California,2003,579.6,6.8,28.2,179.8,364.8,3426.4,683.2,2062.7,680.5,8012
California,2004,527.8,6.7,26.8,172.3,322,3423.9,686.1,2033.1,704.8,7903.5
California,2005,526,6.9,26,176,317.1,3321,692.9,1915,712,7692.9
California,2006,533.5,6.8,25.3,195.1,306.2,3181.7,678.1,1835.3,668.3,7430.3
California,2007,524.1,6.2,24.7,193.4,299.7,3043.5,650.7,1790.6,602.2,7135.1
California,2008,504.2,5.8,24.2,188.8,285.4,2941,647,1770.2,523.8,6890.4
California,2009,473.3,5.3,23.6,173.4,271,2731,622.8,1665,443.3,6408.7
California,2010,439.6,4.8,22.3,155.6,256.8,2629.9,612.9,1608.4,408.5,6138.8
California,2011,411.2,4.8,20.3,144.1,242,2584.2,610.5,1584,389.7,5990.8
California,2012,423.5,5,20.6,148.7,249.2,2761.8,646.8,1671.3,443.7,6370.6
California,2013,402.6,4.5,26.9,139.6,231.7,2651.2,603.8,1617.3,430.1,6107.7
California,2014,396.1,4.4,29.7,125.5,236.6,2441.1,522.3,1527.4,391.3,5674.4
Colorado,2000,334,3.1,41.2,70.5,219.1,3648.6,630.8,2623.5,394.3,7965.1
Colorado,2001,349.6,3.6,43.6,80.2,222.3,3856.6,643.9,2738.9,473.8,8412.5
Colorado,2002,352.9,4,45.9,79.5,223.5,4000.3,703.8,2781.4,515.1,8706.4
Colorado,2003,346.5,4.1,42.1,82.2,218.2,3951.6,712.3,2737.6,501.7,8596.3
Colorado,2004,372,4.4,42.3,81.3,244.2,3918.5,717.3,2679.5,521.6,8581.1
Colorado,2005,397,3.7,43.4,84.7,264.9,4041,745.1,2736,560,8875.8
Colorado,2006,395.4,3.6,45.4,80.4,265.9,3438.4,681.9,2322,434.6,7667.6
Colorado,2007,351.8,3.2,42.7,71.2,234.7,2999.2,589,2067.6,342.6,6702
Colorado,2008,353.9,3.3,43.5,68.9,238.1,2821,568,1982.7,270.3,6349.7
Colorado,2009,338.8,3.2,45.2,67.1,223.4,2670.7,530.1,1892.2,248.4,6019.1
Colorado,2010,323.7,2.6,44.2,62.7,214.3,2674.5,519,1932.2,223.3,5996.5
Colorado,2011,314.4,3,44.7,64.5,202.2,2595.3,502.8,1877.4,215,5819.3
Colorado,2012,307.4,2.9,40.9,65.4,198.2,2685.3,504.2,1948,233.2,5985.5
Colorado,2013,305.4,3.3,56.2,59.5,186.4,2655,475.6,1941.8,237.6,5920.8
Colorado,2014,309.1,2.8,56.7,56.7,192.8,2530.1,438.2,1857.1,234.8,5678.3
Connecticut,2000,324.7,2.9,19.9,112.5,189.4,2908,512,2011.4,384.6,6465.4
Connecticut,2001,334.6,3.1,18.6,121.8,191.1,2774.7,499.6,1914.7,360.4,6218.6
Connecticut,2002,312.5,2.4,21.4,117.6,171,2701.3,494.7,1871.7,334.8,6027.4
Connecticut,2003,316.8,3.2,20,120.8,172.7,2666.5,460.1,1880.4,326.1,5966.6
Connecticut,2004,289,2.9,21.6,119.7,144.9,2684.9,456.1,1908.3,320.5,5947.9
Connecticut,2005,273,3,20.3,112.3,136.9,2579,435.5,1840,303,5703
Connecticut,2006,299.7,3.9,19.9,127.3,148.7,2586.1,444.6,1847.9,293.6,5771.7
Connecticut,2007,301.1,3.2,19.7,122.9,155.4,2470.6,446.6,1739.9,284.1,5543.5
Connecticut,2008,306.7,3.8,19.4,115.5,168,2490.8,431.5,1805.4,253.9,5595
Connecticut,2009,300.9,3,18.7,113.7,165.5,2348.4,431.2,1705.1,212.1,5298.6
Connecticut,2010,282,3.7,16.6,99.4,162.3,2188.8,423.6,1577.8,187.4,4941.6
Connecticut,2011,275.7,3.6,19.2,102.9,150.1,2152.5,431.3,1535.3,186,4856.6
Connecticut,2012,283.5,3.3,26,103.3,151,2148.5,411.7,1556.4,180.4,4864.1
Connecticut,2013,262.2,2.5,24.8,98.7,136.3,1980.2,359.3,1447.5,173.4,4484.9
Connecticut,2014,236.9,2.4,21.7,87.8,125,1920.4,332.4,1418.1,169.9,4314.6
Delaware,2000,684.4,3.2,54.1,177.9,449.2,3793.6,665.6,2725.9,402.1,8956
Delaware,2001,611.1,2.9,52.7,145.1,410.4,3439.5,645.7,2444.9,348.9,8101.2
Delaware,2002,600,3.2,44.4,143.2,409.2,3346,664.4,2302.3,379.3,7892
Delaware,2003,675.3,2.6,45.2,176.1,451.4,3415.3,741.4,2314.1,359.8,8181.2
Delaware,2004,615,3.4,43,161.8,406.8,3283.6,683,2323.3,277.3,7797.2
Delaware,2005,633,4.4,44.8,155.2,429.1,3118,690.4,2148,279,7501.9
Delaware,2006,701,4.9,48.9,209.8,437.4,3476.4,742.5,2396,337.9,8354.8
Delaware,2007,705.4,4.5,39.4,203.9,457.6,3378.5,742.4,2365.3,270.8,8167.8
Delaware,2008,708.6,6.5,42.5,211.5,448.1,3594.7,776.9,2524.9,292.9,8606.6
Delaware,2009,645.4,4.6,44.6,189.8,406.4,3353.8,784.4,2354,215.3,7998.3
Delaware,2010,623.3,5.7,36.2,204.4,377,3453.9,839.1,2399.8,215,8154.4
Delaware,2011,566.4,5.3,33.8,171.6,355.8,3431.5,838.8,2422.7,170.1,7996
Delaware,2012,550.5,6.1,27.2,163.3,353.9,3348.4,805.7,2385.9,156.8,7797.8
Delaware,2013,500.7,4.4,43.1,133.3,319.9,3134.4,680.8,2307.2,146.4,7270.2
Delaware,2014,489.1,5.8,41.3,135.6,306.4,2982,616.5,2230.1,135.4,6942.2
District of Columbia,2000,1507.9,41.8,43.9,621.3,801,5768.6,829.5,3785.4,1153.7,14553.1
District of Columbia,2001,1602.4,40.3,31.5,658.7,871.9,6139.9,862.5,3888.5,1388.9,15484.6
District of Columbia,2002,1637.9,46.4,46,673.6,871.8,6409,908.4,3814.1,1686.5,16093.7
District of Columbia,2003,1624.9,44.7,49.1,706.8,824.4,5863.5,837.7,3249.3,1776.5,14976.9
District of Columbia,2004,1369.4,35.7,40.1,577.7,715.9,4852.8,712,2623.8,1517,12444.4
District of Columbia,2005,1380,33.5,28.5,635.7,682.2,4490,614.6,2549,1326,11739.5
District of Columbia,2006,1508.4,29.1,31.8,658.4,789.1,4653.9,659.5,2735.5,1258.9,12324.6
District of Columbia,2007,1415.1,30.8,32.6,725,626.7,4916.3,667.4,2956,1292.9,12662.8
District of Columbia,2008,1437.7,31.4,31.4,748.5,626.4,5104.6,640,3372.2,1092.4,13084.6
District of Columbia,2009,1348.9,24.2,25,734.4,565.3,4751.9,616.4,3213,922.5,12201.6
District of Columbia,2010,1326.8,21.8,30.9,715,559.1,4761.4,699.8,3225.9,835.7,12176.4
District of Columbia,2011,1200.8,17.4,27.9,661.4,494,4790.5,622,3448.5,720,11982.5
District of Columbia,2012,1241.8,13.9,37.3,637.3,553.3,4855.7,555.5,3721.8,578.3,12194.9
District of Columbia,2013,1296.4,15.9,60.9,628.9,590.8,4790.7,510.9,3781.6,498.2,12174.3
District of Columbia,2014,1244.4,15.9,71.6,530.7,626.1,5182.5,526,4082.3,574.1,12853.6
Florida,2000,812,5.6,44.2,199,563.2,4882.7,1081.8,3242.9,558,11389.4
Florida,2001,798.3,5.3,40.6,200.7,551.7,4779.2,1075.2,3154.8,549.2,11155
Florida,2002,771.2,5.5,40.5,195.2,530.1,4656.4,1061.9,3064.3,530.3,10855.4
Florida,2003,731.1,5.4,39.6,185.4,500.6,4457.3,1003.8,2973.6,479.8,10376.6
Florida,2004,711.8,5.4,38,172.5,495.8,4182.5,956.7,2775.2,450.5,9788.4
Florida,2005,709,5,37.1,169.6,497.2,4013,927.4,2662,424,9444.3
Florida,2006,716.4,6.2,35.8,188.8,485.6,3986.2,944.6,2619,422.6,9405.2
Florida,2007,722.6,6.6,33.7,209.1,473.2,4088.8,996.3,2689,403.4,9622.7
Florida,2008,688.9,6.4,32.6,197.9,452,4140.5,1028.3,2765.7,346.5,9658.8
Florida,2009,612.5,5.5,29.7,166.7,410.6,3840.8,981.1,2588.6,271.1,8906.6
Florida,2010,541.3,5.2,28.5,138.5,369,3551.4,897.7,2433.6,220.1,8185.3
Florida,2011,514.6,5.2,27.6,134.3,347.5,3517.4,891.8,2418,207.6,8064
Florida,2012,487,5.2,27.2,123.6,330.9,3276.2,794.8,2288.2,193.2,7526.3
Florida,2013,469.3,5,34.5,118.4,311.5,3097.8,708.7,2210.9,178.1,7134.2
Florida,2014,540.5,5.8,43,125.2,366.4,3415.5,719.9,2481.5,214,7911.8
Georgia,2000,504.7,8,24,161.9,310.9,4246.4,836.6,2937,472.8,9502.3
Georgia,2001,495.7,7.1,25.9,171.3,291.4,4138.5,854.2,2837.2,447.2,9268.5
Georgia,2002,459.6,7.1,24.7,157.2,270.7,4056.2,865.3,2745.7,445.2,9031.7
Georgia,2003,454.5,7.6,25.7,161.9,259.3,4259.7,910.5,2849,500.1,9428.3
Georgia,2004,451,6.9,26.8,153.1,264.2,4223.5,930.6,2796.8,496,9348.9
Georgia,2005,446,6.2,23.5,153.7,262.5,4145,924.9,2733,487,9181.8
Georgia,2006,477.9,6.5,23.2,165.6,282.7,3873.5,909.2,2503.7,460.6,8702.9
Georgia,2007,491.5,7.5,23,181.2,279.8,3889.6,946,2498.1,445.5,8762.2
Georgia,2008,488.9,6.6,24.1,183.9,274.3,4005,1038.3,2557.5,409.3,8987.9
Georgia,2009,428,5.8,23.6,148.9,249.8,3672.6,1003.2,2332,337.4,8201.3
Georgia,2010,402.3,5.7,21.7,127.4,247.5,3639.2,998.2,2328.6,312.4,8083
Georgia,2011,374.6,5.6,21.1,125,223,3640.6,978.5,2359.7,302.5,8030.6
Georgia,2012,380,5.9,21.6,126.1,226.4,3423.6,877.3,2257.8,288.5,7607.2
Georgia,2013,375.4,5.6,28.9,127.1,213.7,3399.9,835,2293.1,271.7,7550.4
Georgia,2014,377.3,5.7,30.2,123,218.4,3281.2,756.9,2258.4,266,7317.1
Hawaii,2000,243.8,2.9,28.6,92.7,119.7,4955.1,880.3,3570.2,504.6,10397.9
Hawaii,2001,254,2.6,33.3,93.1,125,5120.5,909.7,3661.3,549.5,10749
Hawaii,2002,262.9,1.9,30,97.5,133.5,5801.4,1025.4,3977.2,798.8,12128.6
Hawaii,2003,272.3,1.8,29.4,93.5,147.6,5274.6,913.6,3588.1,772.8,11093.7
Hawaii,2004,254.6,2.6,26.4,74.8,150.8,4795.5,857.8,3254.7,683,10100.2
Hawaii,2005,256,1.9,26.9,78.6,148,4800,769,3313,717,10110.4
Hawaii,2006,280.7,1.6,27.5,89,162.6,4219.9,678.6,2939.3,602,9001.2
Hawaii,2007,276.1,1.9,29.4,87.4,157.5,4119.3,708.2,2921.5,489.6,8790.9
Hawaii,2008,272.5,2,28.2,84.2,158.1,3566.5,730,2439.4,397.1,7678
Hawaii,2009,274.1,1.8,29.7,79.5,163.1,3668.7,713.7,2580,375,7885.6
Hawaii,2010,264.3,1.8,27.7,78.1,156.7,3349.6,638.6,2323.7,387.3,7227.8
Hawaii,2011,251.4,1.5,25.6,72.1,152.2,3183.6,592.5,2266.8,324.3,6870
Hawaii,2012,243,1.5,20.1,80.9,140.5,3123.5,550.5,2294.9,278,6732.9
Hawaii,2013,254.4,2.3,36.1,66.3,149.8,3212.7,552,2337,323.7,6934.3
Hawaii,2014,259.2,1.8,31.3,78,148.1,3050,547.9,2228.9,273.3,6618.5
Idaho,2000,252.5,1.2,29.7,17.2,204.3,2933.7,566.5,2206,161.2,6372.3
Idaho,2001,243.1,2.3,32.2,18.6,190.1,2891.2,568.5,2141.9,180.9,6268.8
Idaho,2002,254.6,2.7,37,17.9,197,2913.2,554,2163.6,195.6,6335.6
Idaho,2003,245.9,1.9,39.1,17.9,187,2929.1,573.3,2162.3,193.6,6350.1
Idaho,2004,247.4,2.2,42.6,17.3,185.4,2781,549.8,2034.8,196.3,6056.8
Idaho,2005,257,2.4,40.4,18.6,195.3,2697,564.3,1931,202,5908
Idaho,2006,250,2.4,41.7,20,185.9,2395.9,514.5,1715.3,166.1,5291.8
Idaho,2007,256.2,3.3,40.5,16.2,196.2,2275.8,475.6,1649.1,151.1,5064
Idaho,2008,241.5,1.5,38,15.7,186.3,2096.1,442.8,1544.3,108.9,4675.1
Idaho,2009,246.2,1.6,37.2,16.4,191,2019.7,432.3,1492.2,95.2,4531.8
Idaho,2010,220.5,1.4,33.9,13.6,171.6,2000.9,414.5,1501.7,84.6,4442.7
Idaho,2011,202.2,2.2,28,11.9,160.1,2075.8,436.6,1555.1,84,4555.9
Idaho,2012,209.8,1.9,31,15.2,161.7,1994.6,453.8,1454.2,86.6,4408.8
Idaho,2013,215.2,1.8,41.8,13.6,158,1874.3,415,1364,95.4,4179.1
Idaho,2014,212.2,2,37.3,12.5,160.5,1854.8,393.3,1359.9,101.6,4134.1
Illinois,2000,653.8,7.2,31.6,206.5,408.5,3585.4,659.1,2521.6,404.7,8478.4
Illinois,2001,633.1,7.8,32,199.1,394.1,3471.6,632.2,2450.1,389.2,8209.2
Illinois,2002,601.9,7.6,34.7,201.1,358.4,3420.2,647,2417.1,356,8044
Illinois,2003,556.4,7.1,33.1,188,328.1,3287.9,619.4,2339.4,329.1,7688.5
Illinois,2004,545.7,6.1,33.2,177.6,328.7,3174.1,598.6,2257.9,317.6,7439.5
Illinois,2005,552,6,33.8,182.2,330.3,3092,608.2,2175,308,7287.5
Illinois,2006,541.6,6.1,31.8,185.3,318.4,3019.6,602.1,2124.2,293.3,7122.4
Illinois,2007,533.2,5.9,31.9,179.7,315.7,2935.8,587.6,2084.5,263.7,6938
Illinois,2008,525.4,6.1,31.9,186.4,300.9,2932.6,612.1,2068.1,252.5,6916
Illinois,2009,497.2,6,30.2,177.6,283.4,2736.9,603,1927.3,206.6,6468.2
Illinois,2010,444.9,5.5,23.9,158.7,256.8,2718.1,603.3,1889.7,225.1,6326
Illinois,2011,424,6.1,23.6,157.2,237.1,2678.7,604.4,1845.8,228.5,6205.4
Illinois,2012,416.2,6,27.8,151.4,231,2585.5,552.5,1828.6,204.3,6003.3
Illinois,2013,403.1,5.6,41.4,137.6,218.5,2296.6,458.4,1676.1,162.1,5399.4
Illinois,2014,370,5.3,32.3,118.8,213.7,2075.9,388.2,1552.2,135.5,4891.9
Indiana,2000,349.1,5.8,28.9,103.3,211.1,3402.8,676.1,2379.9,346.8,7503.8
Indiana,2001,371.1,6.7,28,117,219.3,3452.9,697.9,2404.1,350.9,7647.9
Indiana,2002,357.3,5.9,29.9,107.4,214.1,3394,692,2372.5,329.5,7502.6
Indiana,2003,352.3,5.5,27.7,103.2,215.9,3355.7,670.7,2349.9,335,7415.9
Indiana,2004,325.9,5.1,29,102.4,189.5,3403.6,677.2,2387.7,338.7,7459.1
Indiana,2005,324,5.7,29.6,108.7,180,3460,698.3,2414,347,7567.3
Indiana,2006,321.6,5.7,28.7,113.6,173.5,3449.5,721.3,2386.2,342,7542.1
Indiana,2007,335.8,5.5,27.4,123.6,179.3,3370.8,732.6,2332.4,305.8,7413.2
Indiana,2008,337.6,5,26.8,118.9,186.8,3350.3,765.4,2310.5,274.4,7375.7
Indiana,2009,334,4.9,25.2,114.4,189.5,3112.3,761,2135.9,215.4,6892.6
Indiana,2010,323.3,4.1,27.1,101.1,191,3070.2,748.3,2113.9,208,6787
Indiana,2011,331.8,4.7,27,107.1,193,3161.5,776.1,2158.1,227.4,6986.7
Indiana,2012,344.8,4.7,25.4,101,213.8,3028.5,729.4,2090.4,208.6,6746.6
Indiana,2013,359.6,5.4,34.1,108.3,211.8,2853.1,650.7,1986.6,215.9,6425.5
Indiana,2014,365.3,5,33.1,104.5,222.6,2649.4,559.3,1880,210.1,6029.3
Iowa,2000,266.4,1.6,23.1,36.6,205.1,2967.3,558.4,2225.2,183.6,6467.3
Iowa,2001,268.2,1.7,22.1,39.4,205.1,3023,575.9,2259.4,187.8,6582.6
Iowa,2002,285.7,1.5,27.1,39.8,217.2,3163.6,635,2330.2,198.3,6898.4
Iowa,2003,277.9,1.7,27.1,38.4,210.7,2976,595.3,2189,191.7,6507.8
Iowa,2004,287.8,1.5,26.5,39.3,220.6,2904.8,607.1,2106.9,190.8,6385.3
Iowa,2005,293,1.3,28.6,38.9,224.5,2845,611.9,2048,186,6277.2
Iowa,2006,285.7,1.8,29.2,43.9,210.8,2823.6,609,2045.5,169.1,6218.6
Iowa,2007,300.2,1.3,32.5,44.4,222,2648.3,574.8,1908.2,165.3,5897
Iowa,2008,288.1,2.6,31.2,41.6,212.8,2440.4,552.8,1741.8,145.7,5457
Iowa,2009,282.1,1.3,29.6,39.9,211.3,2329.9,545.9,1654.2,129.8,5224
Iowa,2010,268.5,1.2,28.9,33.2,205.2,2253.6,549,1580,124.6,5044.2
Iowa,2011,257.3,1.4,28.3,26.9,200.7,2351.2,573.5,1647.2,130.5,5217
Iowa,2012,265.6,1.6,29.3,31.3,203.4,2288,559.4,1597.2,131.4,5107.2
Iowa,2013,273,1.3,36.6,30.3,204.8,2198.2,514.8,1545.9,137.6,4942.5
Iowa,2014,273.5,1.9,36.3,33.6,201.6,2093.8,464.4,1495.8,133.6,4734.5
Kansas,2000,389.4,6.3,38,76.2,269,4019.4,799.1,2978.6,241.6,8817.6
Kansas,2001,403.7,3.4,35,89.7,275.7,3905.7,759.2,2851,295.5,8618.9
Kansas,2002,377.2,2.9,38.2,79.8,256.3,3716,725.7,2724.3,266,8186.4
Kansas,2003,397.5,4.6,39.8,82.5,270.6,4010.4,806.4,2916.6,287.4,8815.8
Kansas,2004,377.9,4.5,41.8,66.3,265.4,4015.5,737,2967.2,311.3,8786.9
Kansas,2005,389,3.7,40,65.3,280.4,3806,692.4,2774,340,8390.8
Kansas,2006,432.7,4.5,46.3,67.9,314,3772,726.7,2729.7,315.6,8409.4
Kansas,2007,458.6,3.8,46.4,72.8,335.6,3709,737.1,2662.1,309.8,8335.2
Kansas,2008,412.3,4,43.8,60,304.6,3386.1,701.3,2420.5,264.3,7596.9
Kansas,2009,406.6,4.4,41.8,63.4,296.9,3225.9,690.8,2323.7,211.4,7264.9
Kansas,2010,370.8,3.4,40.1,53.8,273.5,3116.6,675.6,2230.5,210.6,6974.9
Kansas,2011,355.7,3.9,39.1,50.4,262.3,3088.6,651.9,2203.8,232.9,6888.6
Kansas,2012,356.7,2.9,38.3,51.7,263.7,3156.1,654.1,2267,234.9,7025.4
Kansas,2013,342.8,4,44.7,46.2,247.8,2959.6,603.5,2125.7,230.4,6604.7
Kansas,2014,348.6,3.1,48.6,46.9,250,2735.2,545,1952.4,237.8,6167.6
Kentucky,2000,294.5,4.8,27,80.6,182.2,2665.2,626.2,1809.6,229.5,5919.6
Kentucky,2001,258.3,4.4,25.8,80.3,147.7,2638.5,662.7,1756,219.8,5793.5
Kentucky,2002,271.4,4.7,26.6,76.6,163.6,2655.1,657.5,1769.7,227.9,5853.1
Kentucky,2003,248.5,4.4,27.3,78.3,138.5,2510.1,632.2,1677.5,200.4,5517.2
Kentucky,2004,245.1,5.7,29.9,78.9,130.6,2540.2,625.4,1703,211.8,5570.6
Kentucky,2005,267,4.6,34.1,88.4,139.8,2531,634.1,1686,211,5596
Kentucky,2006,270.1,4.1,31.2,91.5,143.3,2601.7,662.5,1716.5,222.6,5743.5
Kentucky,2007,290.7,4.9,32.2,95.9,157.7,2546,655.9,1685.5,204.6,5673.4
Kentucky,2008,297.2,4.7,34.1,95.6,162.8,2681.8,692.3,1810.1,179.4,5958
Kentucky,2009,255,4.3,35.5,84.4,130.8,2524.6,692.6,1690.7,141.3,5559.2
Kentucky,2010,243.9,4.3,33.1,86.2,120.3,2557.3,700.3,1713.5,143.5,5602.4
Kentucky,2011,239.6,3.5,34.3,84.8,117,2725.9,750,1822.5,153.5,5931.1
Kentucky,2012,224.9,4.6,30,81,109.4,2575.5,682.2,1739.8,153.5,5600.9
Kentucky,2013,210.9,3.9,37.4,73.8,95.8,2374,598.5,1637.6,137.9,5169.8
Kentucky,2014,211.6,3.6,32.6,75.6,99.8,2246.9,526.7,1577.1,143.2,4917.1
Louisiana,2000,681.1,12.5,33.5,168.5,466.6,4741.7,1035.8,3229.9,475.9,10845.5
Louisiana,2001,686.3,11.2,31.4,175.9,467.7,4646,1039.1,3121.8,485.1,10664.5
Louisiana,2002,663.3,13.2,34.2,159.1,456.7,4442.1,1013.1,2978,451,10210.7
Louisiana,2003,636.9,13,35.6,156,432.4,4310.5,991.9,2881.2,437.4,9894.9
Louisiana,2004,640,12.7,35.9,145.7,445.8,4419.1,1006.5,2975.1,437.4,10118.2
Louisiana,2005,597,10,31.5,118.4,436.6,3696,873.7,2504,319,8586.2
Louisiana,2006,721.2,12.9,37,138.3,533,4080.8,1089.2,2626.2,365.4,9604
Louisiana,2007,740.4,14.6,33.2,147.1,545.5,4204.7,1093.2,2755.3,356.2,9890.2
Louisiana,2008,671.4,12.3,28.3,141.5,489.2,3880.9,1032.1,2541.3,307.5,9104.5
Louisiana,2009,642.9,11.8,30.1,136.9,464.1,3842.7,1044.7,2540.1,258,8971.3
Louisiana,2010,555.3,11,27.1,116.5,400.7,3644.8,999.6,2425.8,219.3,8400.1
Louisiana,2011,554.6,11.1,27.6,114.4,401.6,3683.9,1010.8,2473.9,199.2,8477.1
Louisiana,2012,496.3,10.6,25.1,118.6,342,3534.7,913.4,2450.3,171.1,8062.1
Louisiana,2013,521.2,10.7,38.1,119.7,352.8,3578.9,890.3,2490.7,198,8200.4
Louisiana,2014,514.7,10.3,29.6,122.5,352.4,3458.8,824.5,2421.6,212.7,7947.1
Maine,2000,109.6,1.2,25.1,19.4,63.9,2510.2,531.4,1875.1,103.7,5239.6
Maine,2001,111.7,1.5,25.4,20.6,64.3,2581.1,537,1914,130.1,5385.7
Maine,2002,107.8,1.1,29.1,20.9,56.8,2547.3,537.9,1899.1,110.4,5310.4
Maine,2003,108.6,1.2,27,22.1,58.3,2450.2,502.5,1836.5,111.2,5117.6
Maine,2004,103.7,1.4,24,22,56.4,2413.7,482.2,1832.4,99.1,5034.9
Maine,2005,112,1.4,24.7,24.5,61.8,2419,479.7,1837,102,5062.1
Maine,2006,116,1.7,25.8,29,59.5,2546.8,518,1926.9,101.9,5325.6
Maine,2007,118.8,1.5,29.8,26.5,61,2448.3,512.1,1839.3,96.9,5134.2
Maine,2008,119.4,2.4,28.8,25.3,63,2463.7,498.2,1875.9,89.6,5166.3
Maine,2009,119.9,2,28.4,30.3,59.2,2405.1,510.4,1817.1,77.5,5049.9
Maine,2010,122.1,1.8,29.3,31,60,2478.6,554.8,1849.3,74.5,5201.4
Maine,2011,123.3,2,29.7,27.9,63.8,2546.3,592,1873.2,81.1,5339.3
Maine,2012,122.4,2,28,31.6,60.8,2514,562.7,1876.6,74.6,5272.7
Maine,2013,132.5,1.8,37.3,25.2,68.3,2292,487.7,1735.8,68.6,4849.2
Maine,2014,127.8,1.6,36.5,22.9,66.9,1986.4,378.2,1548.2,60.1,4228.6
Maryland,2000,786.6,8.1,29.1,256,493.3,4029.5,744.4,2745.7,539.5,9632.2
Maryland,2001,781.4,8.3,26.9,251.1,495.1,4075.5,771.5,2709.5,594.6,9713.9
Maryland,2002,770.8,9.4,25.1,246.2,490.1,3983.2,729.6,2629.5,624.2,9508.1
Maryland,2003,703.5,9.5,24.6,241.3,428,3799.1,701,2437.7,660.4,9005.1
Maryland,2004,700.6,9.4,23.7,229.7,437.9,3640.7,660,2335.6,645.2,8682.8
Maryland,2005,704,9.9,22.6,257.2,414.6,3551,642.7,2299,610,8511
Maryland,2006,678.6,9.7,21,256,392,3481,667,2270.4,543.5,8319.2
Maryland,2007,641.9,9.9,21,236,375.1,3431.5,660.2,2265.9,505.4,8146.9
Maryland,2008,628.2,8.8,20,234.4,365.1,3517.6,689.6,2378.3,449.7,8291.7
Maryland,2009,590,7.7,20.3,210.7,351.3,3198.5,647.5,2206.7,344.2,7576.9
Maryland,2010,546.3,7.4,21.2,191.1,326.7,2995.5,634.4,2049.5,311.6,7083.7
Maryland,2011,493.5,6.8,20.5,177.1,289,2857.2,613.5,1968.5,275.2,6701.3
Maryland,2012,477.3,6.3,21,172.9,277,2758.1,574.4,1929.5,254.1,6470.6
Maryland,2013,475.4,6.5,28.3,169.2,271.5,2659.1,538,1895.2,225.9,6269.1
Maryland,2014,446.1,6.1,27.1,159.7,253.2,2507.5,468.7,1819.6,219.2,5907.2
Massachusetts,2000,476.1,2,26.7,91.6,355.9,2550,482,1660.5,407.6,6052.4
Massachusetts,2001,477.8,2.2,29,101.2,345.4,2610.1,506.6,1668.8,434.7,6175.8
Massachusetts,2002,484.9,2.7,27.7,111.6,342.9,2612.2,517.7,1680.6,414,6194.3
Massachusetts,2003,473.1,2.2,28.8,124.8,317.4,2562.8,544.6,1620.9,397.3,6071.9
Massachusetts,2004,460.2,2.7,28,116.8,312.8,2468.2,538.4,1585.7,344.1,5856.9
Massachusetts,2005,461,2.8,27.2,121.8,309,2358,539.8,1524,294,5637.6
Massachusetts,2006,500.5,2.9,27.5,125.5,344.5,2391.5,547.5,1564.7,279.2,5783.8
Massachusetts,2007,441.7,2.9,25.5,108.9,304.4,2399.2,554.5,1611.3,233.4,5681.8
Massachusetts,2008,463.8,2.6,26.9,108.9,325.4,2399.5,557.9,1645.3,196.3,5726.6
Massachusetts,2009,462.6,2.6,26.3,113.2,320.4,2323.1,523.5,1619.7,179.9,5571.3
Massachusetts,2010,468.9,3.3,27.2,105.2,333.2,2356.8,578.2,1603.6,175,5651.4
Massachusetts,2011,427.3,2.8,25,102.4,297,2252.6,551,1538.4,163.2,5359.7
Massachusetts,2012,407,1.8,24.8,98.6,281.7,2156.8,521.2,1496.6,139,5127.5
Massachusetts,2013,406.4,2.1,34.3,99.9,270.1,2046.2,457.8,1452.4,136,4905.2
Massachusetts,2014,391.4,2,32.3,89.5,267.6,1857.1,370.1,1364.5,122.5,4497
Michigan,2000,555,6.7,50.6,138,359.7,3554.9,702.2,2291.9,560.7,8219.7
Michigan,2001,553.9,6.7,52.6,129.3,365.3,3521.3,719.9,2265.7,535.7,8150.4
Michigan,2002,540.7,6.8,53.4,118,362.6,3336.2,706.6,2134.4,495.1,7753.8
Michigan,2003,511.3,6.1,54.3,111.6,339.3,3278.6,677.6,2068.3,532.7,7579.8
Michigan,2004,492.2,6.4,54.3,112.2,319.4,3066.1,635.7,1929.8,500.6,7116.7
Michigan,2005,554,6.2,51.5,132.1,363.9,3098,698.2,1922,478,7303.9
Michigan,2006,564.4,7.1,53,140.9,363.4,3225.1,755.9,1973,496.2,7579
Michigan,2007,533.8,6.6,45.6,132.7,349,3063.5,747.4,1899.2,416.9,7194.7
Michigan,2008,514.9,5.5,45.1,132.4,331.9,2950,747.6,1844.9,357.4,6929.7
Michigan,2009,499.8,6.2,45.4,124.6,323.5,2848.8,762.8,1791.7,294.3,6697.1
Michigan,2010,493,5.9,47.9,116.7,322.5,2748.8,752.7,1718.6,277.5,6483.6
Michigan,2011,442.8,6.2,44,103.9,288.6,2544.6,706.3,1586.2,252.2,5974.8
Michigan,2012,455,7.1,46.9,105.5,295.5,2522.1,663.4,1604.9,253.8,5954.2
Michigan,2013,452.2,6.3,68.5,102,275.3,2325,568.3,1513.3,243.3,5554.2
Michigan,2014,427.3,5.4,63.3,80.9,277.7,2043.9,445.9,1384.5,213.5,4942.4
Minnesota,2000,280.8,3.1,45.5,75.5,156.7,3207.6,530.9,2403.7,273,6976.8
Minnesota,2001,263.7,2.4,44.9,75.4,141.1,3311.2,511.5,2498.1,301.6,7149.9
Minnesota,2002,267.2,2.2,45.2,78.4,141.4,3264.3,557.9,2430.9,275.5,7063
Minnesota,2003,262.9,2.5,41.3,77.1,142,3113.3,546.9,2294.9,271.5,6752.4
Minnesota,2004,269.8,2.2,41.7,79.9,146.1,3041.6,550.3,2226.1,265.2,6622.9
Minnesota,2005,297,2.2,44,92.1,158.9,3088,579.6,2230,279,6770.8
Minnesota,2006,310.5,2.4,31.8,105.3,170.9,3082.5,586.5,2239,257,6785.9
Minnesota,2007,289.6,2.2,36,91.8,159.6,3044.8,571.7,2229.7,243.3,6668.7
Minnesota,2008,265.4,2.1,34.6,80.1,148.6,2864.1,508.7,2160.1,195.3,6259
Minnesota,2009,244.5,1.4,34,68.7,140.4,2644.9,485.7,1996.9,162.3,5778.8
Minnesota,2010,235.7,1.8,33.9,63.8,136.2,2569,459.7,1947.6,161.7,5609.4
Minnesota,2011,230.5,1.4,39.5,63.3,126.2,2546.8,480.3,1914.1,152.4,5554.5
Minnesota,2012,230.9,1.8,30.4,64.6,134,2568.1,471.7,1939.1,157.2,5597.8
Minnesota,2013,234.4,2.1,37.1,67.8,127.4,2419.6,418.9,1853.8,146.9,5308
Minnesota,2014,229.1,1.6,36.7,67.6,123.3,2297.5,380.7,1763.5,153.3,5053.3
Mississippi,2000,360.9,9,35.8,95,221.1,3643.5,946.3,2452.2,245,8008.8
Mississippi,2001,349.9,9.9,40.1,115.2,184.7,3832.8,1042.8,2458.8,331.3,8365.5
Mississippi,2002,343.9,9.2,39.3,117.1,178.3,3822.6,1032.3,2458.1,332.2,8333
Mississippi,2003,323.9,9.3,37.4,104.6,172.6,3707.3,1025.6,2369.6,312.1,8062.4
Mississippi,2004,295.4,7.8,40,86.3,161.2,3481.1,953.6,2256,271.6,7553
Mississippi,2005,280,7.4,39.4,82.7,150.1,3274,923.7,2093,258,7108.3
Mississippi,2006,311.8,7.9,35.7,112,156.2,3190.2,931.7,1972.3,286.2,7004
Mississippi,2007,291.3,6.9,35.4,99.2,149.8,3113.9,932.7,1934.8,246.4,6810.4
Mississippi,2008,304.3,8,32.6,104.8,158.9,2909.1,868,1828.4,212.8,6426.9
Mississippi,2009,286.3,6.6,33.6,100.6,145.6,2958.2,1001.3,1772.7,184.2,6489.1
Mississippi,2010,269.3,6.9,31.3,93.5,137.6,2983,1025.3,1777.2,180.4,6504.5
Mississippi,2011,269,7.8,29,83.8,148.4,3016.3,1031.8,1819.6,164.8,6570.5
Mississippi,2012,260.1,7.1,27.4,76.2,149.3,2810.5,940.4,1725.1,145,6141.1
Mississippi,2013,277.5,7.3,34.2,80.6,155.4,2725.3,834.5,1744.3,146.6,6005.7
Mississippi,2014,278.5,8.6,35.3,81.2,153.4,2921.2,813.3,1956.9,150.9,6399.3
Missouri,2000,490,6.2,24.1,135.8,323.9,4037.7,745,2851.3,441.4,9055.4
Missouri,2001,540.5,6.6,24.5,137.8,371.6,4229.2,762.4,2969.9,496.9,9539.4
Missouri,2002,539,5.8,25.8,123.9,383.4,4065.9,753.5,2820.7,491.7,9209.7
Missouri,2003,490.8,5.1,24.5,116.9,344.3,4083.9,734.3,2825.8,523.7,9149.3
Missouri,2004,490.1,6.1,25.7,115.1,343.1,3900.1,702.7,2747.9,449.6,8780.4
Missouri,2005,526,6.9,28,124.1,366.6,3929,738.6,2747,443,8909.2
Missouri,2006,545.9,6.3,30.2,130,379.4,3834,765.6,2633.6,434.7,8759.7
Missouri,2007,560.7,6.2,30.4,131.5,392.7,3829.5,763.8,2659.2,406.5,8780.5
Missouri,2008,502.4,7.7,27.3,125.1,342.3,3662.7,774.1,2537.4,351.1,8330.1
Missouri,2009,492.9,6.5,26.8,124.2,335.4,3370,728,2350.9,291.1,7725.8
Missouri,2010,457.7,7,24.1,103.2,323.4,3350,737.1,2343.8,269.1,7615.4
Missouri,2011,447.5,6.1,24.4,104.4,312.5,3313.1,746.8,2311.2,255.1,7521.1
Missouri,2012,451.3,6.5,25.3,96,323.5,3316.7,705.6,2340,271.1,7536
Missouri,2013,433.7,6.1,38.1,90.8,298.7,3137.4,641.8,2225.2,270.4,7142.2
Missouri,2014,442.9,6.6,39.2,92.2,304.8,2906.5,581.5,2055.3,269.8,6698.8
Montana,2000,311.1,2.2,34.1,22.5,252.3,3568.9,437.4,2957,210.2,7795.7
Montana,2001,352,3.8,20.8,25.4,302.1,3332.8,405.4,2726.4,201.1,7369.8
Montana,2002,351.2,1.8,26,31.1,292.3,3158.2,361.3,2601,195.9,7018.8
Montana,2003,365,3.3,26.8,32.5,302.5,3096.2,405.4,2483.2,207.6,6922.5
Montana,2004,293.8,3.2,29.5,25.1,235.9,2936.1,379.2,2382.3,174.6,6459.7
Montana,2005,282,1.9,32.2,18.9,228.7,3146,389.6,2546,211,6856.3
Montana,2006,377.3,3.5,36.8,24.7,312.3,2856.8,357.8,2292.9,206.1,6468.2
Montana,2007,379.8,2.8,37.9,24.3,314.8,2906.2,362.9,2329.7,213.6,6572
Montana,2008,311.4,4.1,37,21.1,249.2,2718.5,381.3,2153.5,183.7,6059.8
Montana,2009,287,3.3,36.6,23.4,223.7,2546.3,378.1,2002.9,165.3,5666.6
Montana,2010,275.8,2.5,33.5,15.5,224.2,2564.1,372.6,2035,156.5,5679.7
Montana,2011,276.1,2.9,36.7,17.1,219.4,2394.1,335.5,1913.4,145.2,5340.4
Montana,2012,278.8,2.9,39,20.1,216.8,2595.9,389.9,2037.2,168.9,5749.5
Montana,2013,288.1,2.3,46,21.4,218.5,2581.1,406.2,1989.6,185.3,5738.5
Montana,2014,323.7,3.6,52.9,19.8,247.4,2472.9,351.2,1922.1,199.6,5593.2
Nebraska,2000,327.6,3.7,25.5,67,231.4,3767.9,592,2870.3,305.6,8191
Nebraska,2001,303.1,2.5,25.1,65.6,210,4009.4,567.4,3064.6,377.3,8625
Nebraska,2002,314.2,2.8,26.9,78.7,205.9,3946.5,597.9,2977.6,371,8521.5
Nebraska,2003,293.8,3.2,29,67.1,194.5,3751.9,583.2,2815.8,352.9,8091.4
Nebraska,2004,308.6,2.3,35.5,65.1,205.7,3519.6,562.2,2654.9,302.5,7656.4
Nebraska,2005,287,2.5,33,59.2,192.6,3432,535.1,2580,317,7438.4
Nebraska,2006,293.9,2.9,32.6,64.2,194.1,3359.7,539.2,2528.4,292.1,7307.1
Nebraska,2007,311.3,4,31,62.8,213.5,3142.4,509.1,2337.7,295.6,6907.4
Nebraska,2008,312.3,3.9,33.7,72.7,202,2879.3,489.6,2152.8,236.9,6383.2
Nebraska,2009,289.4,2.3,34.3,67.9,184.8,2768,485.7,2087,195.3,6114.7
Nebraska,2010,278.3,3,36.8,55.7,182.8,2667.9,454.5,2016,197.4,5892.4
Nebraska,2011,253.6,3.7,37.9,53.9,158.1,2762.6,473.6,2066,223,6032.4
Nebraska,2012,258.8,2.8,38.3,60.8,157,2759.7,471.3,2064.4,224.1,6037.2
Nebraska,2013,264.8,3,45.3,55.4,161.1,2632.3,478.6,1915,238.7,5794.2
Nebraska,2014,280.4,2.9,45.8,55.4,176.2,2523.5,422.5,1864.1,236.8,5607.6
Nevada,2000,524.2,6.5,43,227.3,247.3,3744.4,877.1,2208.2,659.2,8537.2
Nevada,2001,589.2,8.6,42.1,235.1,303.4,3693.8,844.3,2148.7,700.9,8566.1
Nevada,2002,639.3,8.4,42.8,236.1,352,3870.7,874.3,2189.6,806.8,9020
Nevada,2003,616,8.8,38.8,233,335.4,4287.2,979.3,2378.1,929.8,9806.4
Nevada,2004,616.4,7.4,40.9,210.3,357.8,4210,992,2247.8,970.3,9652.9
Nevada,2005,608,8.5,42.1,194.9,361.9,4246,973.4,2156,1116,9706.8
Nevada,2006,748.8,9.1,43.8,282,414,4100.9,997.9,2020.8,1082.2,9699.5
Nevada,2007,754.9,7.5,42.7,270.4,434.2,3785.7,971,1942.9,871.7,9081
Nevada,2008,729.7,6.3,42.5,249.4,431.4,3461.5,932.8,1915.8,613,8382.4
Nevada,2009,705.2,5.9,38.7,228.1,432.5,3063.7,836.7,1757.9,469.1,7537.8
Nevada,2010,663,5.8,35.7,195.9,425.5,2773.5,824.1,1572.8,376.6,6872.9
Nevada,2011,568.1,5.1,33.6,158.4,371,2576.3,747.9,1476.3,352.1,6288.8
Nevada,2012,608.6,4.5,33.8,178.6,391.7,2814.1,803.1,1647.3,363.7,6845.4
Nevada,2013,605,5.8,53.1,185.7,360.4,2836.4,825.6,1652.6,358.2,6882.8
Nevada,2014,635.6,6,47.8,209.7,372.1,2625.4,772.3,1494.3,358.7,6521.9
New Hampshire,2000,175.4,1.8,42.2,36.7,94.7,2257.8,404,1680,173.8,4866.4
New Hampshire,2001,170.2,1.3,36.4,35.3,97.2,2151,388.2,1592.9,169.9,4642.4
New Hampshire,2002,161.3,0.9,35,32.4,93,2059.8,379.6,1527.6,152.5,4442.1
New Hampshire,2003,150.3,1.3,34,37.2,77.8,2052.9,356.1,1546.8,150,4406.4
New Hampshire,2004,169.5,1.3,35.9,38.5,93.8,2051.9,383.2,1518.1,150.6,4442.8
New Hampshire,2005,135,1.5,31.1,27.9,74.3,1839,320.8,1415,103,3947.6
New Hampshire,2006,138.8,1,22.4,33.1,79.2,1981.9,334.2,1534.6,113,4238.2
New Hampshire,2007,144.1,0.9,27.1,34.3,81.8,2005.9,385.6,1513,107.2,4299.9
New Hampshire,2008,156.1,1.1,29.3,32,93.8,2157.4,324.2,1726.2,106.9,4627
New Hampshire,2009,160.4,0.8,30.1,34.3,95.2,2173.5,371.1,1717.4,85.1,4667.9
New Hampshire,2010,167.4,1,31.2,34.2,101,2219.8,413.4,1730.6,75.7,4774.3
New Hampshire,2011,217.3,1.2,44.1,38.6,133.4,2485.6,473.8,1927.3,84.5,5405.8
New Hampshire,2012,215,1.1,36.8,35.6,141.4,2426.9,453.1,1893.4,80.4,5283.7
New Hampshire,2013,223.2,1.6,58.8,48.9,113.9,2213.6,376.5,1765.8,71.4,4873.7
New Hampshire,2014,196.1,0.9,44.8,40.5,110,1962.7,313.7,1584.4,64.6,4317.7
New Jersey,2000,383.8,3.4,16.1,161.1,203.2,2776.6,522,1848.8,405.9,6320.9
New Jersey,2001,388.8,3.9,15,165.8,204.1,2826.3,550,1833.3,443,6430.2
New Jersey,2002,376.1,4,15.9,162.7,193.5,2655.5,511.9,1726.6,417,6063.2
New Jersey,2003,364.3,4.7,14.9,154.4,190.4,2549.6,502.8,1646.4,400.4,5827.9
New Jersey,2004,356.3,4.5,15.3,150.6,185.9,2433,472.4,1611.7,348.9,5578.6
New Jersey,2005,355,4.8,13.9,151.8,184.7,2337,447.9,1571,318,5384.1
New Jersey,2006,350.2,4.9,13.8,153.1,178.4,2278.9,451.4,1543.8,283.7,5258.2
New Jersey,2007,328.6,4.4,11.9,144.7,167.7,2214.4,428.7,1532.9,252.8,5086.1
New Jersey,2008,326.5,4.3,12.9,146.3,163,2293.4,465.3,1595.7,232.4,5239.8
New Jersey,2009,311.4,3.7,12,133.7,162.1,2075.8,424.3,1473.4,178,4774.4
New Jersey,2010,307.5,4.2,11.1,134.3,157.8,2080.1,440.2,1463.2,176.8,4775.2
New Jersey,2011,307.9,4.3,11.4,138.2,154,2147.4,489.4,1460.9,197.1,4910.6
New Jersey,2012,290.1,4.4,11.7,128.4,145.7,2046.5,477.4,1383.2,185.9,4673.3
New Jersey,2013,288.9,4.5,13.3,135.6,135.5,1881.1,402.7,1324.2,154.3,4340.1
New Jersey,2014,261.2,3.9,14.3,117.5,125.6,1734.1,354.8,1248.3,131,3990.7
New Mexico,2000,757.9,7.4,50.7,137.4,562.4,4761,1173.1,3184.4,403.6,11037.9
New Mexico,2001,780.4,5.4,46.4,147.2,581.3,4538.4,1067.9,3080.7,389.8,10637.5
New Mexico,2002,740.7,8.2,55.5,119.1,558,4345.3,1060.1,2883.6,401.6,10172.1
New Mexico,2003,667.3,6.2,50,103.1,507.9,4089.1,1011.3,2693.3,384.5,9512.7
New Mexico,2004,687.4,8.9,54.6,108.4,515.6,4198.4,1047,2736.1,415.2,9771.6
New Mexico,2005,646,7.5,54.1,98.3,486.5,4132,1087.2,2633,412,9556.6
New Mexico,2006,654.7,6.9,54.9,107.2,485.8,3888.3,1069.6,2346.5,472.2,9086.1
New Mexico,2007,675.7,9.3,52.2,117.9,496.3,3815.8,1057.1,2306.8,451.9,8983
New Mexico,2008,653.5,8.1,56.3,108.4,480.6,3815.7,1043.5,2368.3,404,8938.4
New Mexico,2009,632.4,9.9,53.2,96.1,473.2,3714,1092.5,2298,323.5,8692.8
New Mexico,2010,588,6.8,46.4,78.2,456.6,3425.9,1017.6,2154.2,254.1,8027.8
New Mexico,2011,572.7,7.6,41.2,82.7,441.1,3538.3,1030.4,2248.1,259.8,8221.9
New Mexico,2012,559.6,5.6,45.9,88.6,419.5,3604.2,1026.3,2315.6,262.2,8327.5
New Mexico,2013,622.5,5.9,75,87.8,453.8,3783.5,1046,2450.8,286.7,8812
New Mexico,2014,597.4,4.8,70.7,100,421.8,3542.3,887.3,2353.4,301.6,8279.3
New York,2000,553.9,5,18.6,213.6,316.7,2545.7,463.4,1796.4,285.8,6199.1
New York,2001,513.6,5,18.6,191.5,298.5,2399.9,421.3,1725.6,253,5827
New York,2002,496.6,4.8,20.3,191.6,280,2310.5,400.9,1662.1,247.5,5614.3
New York,2003,465.8,4.9,19.6,186.3,255,2249,392.7,1620.9,235.3,5429.5
New York,2004,440.4,4.6,18.7,173.8,243.3,2192.5,366.7,1613.2,212.7,5265.9
New York,2005,444,4.5,18.8,182.1,238.9,2102,352.2,1565,185,5092.5
New York,2006,435.2,4.8,16.4,178.5,235.5,2064.5,355.4,1542.7,166.4,4999.4
New York,2007,414.4,4.2,15.2,161.1,233.9,1987.9,336.4,1506.3,145.2,4804.6
New York,2008,397.9,4.3,14.4,163.1,216.1,1993.8,336.3,1528.8,128.7,4783.4
New York,2009,384.4,4,13.2,144,223.1,1932,321.2,1498.8,111.9,4632.6
New York,2010,394.4,4.5,14.4,147.6,227.9,1957.8,339.5,1511.9,106.4,4704.4
New York,2011,397.2,3.9,14.1,145.7,233.5,1906.7,334.5,1473.5,98.7,4607.8
New York,2012,406.3,3.5,14.5,146.3,242,1917,328.9,1499.6,88.5,4646.6
New York,2013,393.8,3.3,18,138.3,234.2,1820.7,286.6,1455.5,78.6,4429
New York,2014,381.8,3.1,27.5,121.8,229.4,1718.2,257.2,1381.4,79.7,4200.1
North Carolina,2000,497.6,7,27.1,156.5,307,4421.8,1216.1,2891.8,313.9,9838.8
North Carolina,2001,493.1,6.2,25.4,162.1,299.4,4433,1241.6,2891,300.3,9852.1
North Carolina,2002,471,6.6,26.4,146.9,291,4258.6,1198.4,2760.8,299.4,9459.1
North Carolina,2003,454.1,6,25.4,145.2,277.5,4270.9,1195.6,2755.9,319.3,9449.9
North Carolina,2004,447.8,6.2,27.4,138,276.2,4160.5,1184.9,2659.7,316,9216.7
North Carolina,2005,469,6.7,26.5,145.7,289.7,4080,1202.6,2549,328,9097.2
North Carolina,2006,475.2,6.1,28.2,152.1,288.9,4116.2,1211.9,2564.4,339.9,9182.9
North Carolina,2007,466.1,6.4,26.3,149.4,283.9,4082.2,1199.6,2574.1,308.5,9096.5
North Carolina,2008,467.6,6.5,24.9,155.3,280.9,4041.9,1209.6,2542.5,289.8,9019
North Carolina,2009,404.5,5.2,24.6,126.1,248.7,3663.9,1149.5,2301.7,212.7,8136.9
North Carolina,2010,362.7,5,20.9,100.6,236.2,3443.5,1075.6,2176.3,191.6,7612.4
North Carolina,2011,346.3,5.2,20.3,97.9,222.9,3500.2,1093.5,2232.4,174.3,7693
North Carolina,2012,353.5,4.9,20.4,96.3,231.9,3370.8,1018.9,2186.5,165.4,7448.6
North Carolina,2013,341,4.7,25.6,94.2,216.5,3103.2,915.7,2041.3,146.3,6888.5
North Carolina,2014,329.5,5.1,24.3,84.6,215.4,2873.1,798.2,1937.8,137.1,6405.1
North Dakota,2000,81.4,0.6,26.3,8.7,45.8,2206.6,325.9,1727.2,153.5,4576
North Dakota,2001,79.3,1.1,25.8,9.4,43,2330.4,340.1,1819.7,170.6,4819.4
North Dakota,2002,78.2,0.8,25.7,9.1,42.6,2328.7,353.8,1814.3,160.6,4813.8
North Dakota,2003,80.2,1.4,25.3,8.4,45.2,2109.9,309.3,1630.4,170.2,4380.3
North Dakota,2004,87.7,1.3,27.8,6.8,51.9,1963.4,320.6,1495.5,147.3,4102.3
North Dakota,2005,111,1.9,28.4,8.5,72.5,2025,321.9,1534,169,4272.2
North Dakota,2006,197.4,2.2,37.9,11.8,145.5,2100.9,409,1521.1,170.8,4596.6
North Dakota,2007,209.9,2.7,39.4,11.7,156.2,2000.3,361.7,1485,153.5,4420.4
North Dakota,2008,224.6,1.7,51.6,11.4,159.9,2031.1,364.2,1524.9,142,4511.4
North Dakota,2009,266.4,1.9,45.8,16.5,202.2,1980.8,375.1,1464.6,141.1,4494.4
North Dakota,2010,229.5,1.5,36.3,13.3,178.3,1780.2,296.5,1354.4,129.4,4019.4
North Dakota,2011,248.1,3.5,38.8,13.3,192.5,1947.3,359,1444.5,143.9,4390.9
North Dakota,2012,245.7,3.6,39.8,18.1,184.2,2038.5,346.3,1523.8,168.4,4568.4
North Dakota,2013,273.4,2.2,49,22.2,199.9,2121.4,411.5,1511.6,198.2,4789.4
North Dakota,2014,265.1,3,48.4,23.4,190.3,2110.3,366.1,1539.5,204.7,4750.8
Ohio,2000,334.1,3.7,37.6,137.5,155.3,3707.7,780.7,2583.2,343.7,8083.5
Ohio,2001,351.4,4,39.2,151,157.2,3820.2,850.9,2598.6,370.8,8343.3
Ohio,2002,351.7,4.6,42.2,156.6,148.3,3760.1,869.2,2516,374.9,8223.6
Ohio,2003,333.9,4.6,40.7,147.7,140.8,3650.1,831.3,2460.1,358.6,7967.8
Ohio,2004,338.7,4.4,41.4,152.2,140.7,3662.3,842.9,2464.3,355,8001.9
Ohio,2005,350,5.1,40.7,162.8,141.5,3668,873.4,2433,362,8036.5
Ohio,2006,361.5,4.9,41.6,169.2,145.9,3688.2,920.4,2437,330.9,8099.6
Ohio,2007,355.4,4.6,40.6,160,150.2,3468.1,863.8,2308.2,296.1,7647
Ohio,2008,352,4.8,39.4,162.9,145,3410,891.8,2270.5,247.7,7524.1
Ohio,2009,331.9,4.6,35.7,153.1,138.5,3261.3,901.1,2163.9,196.3,7186.4
Ohio,2010,314.7,4.2,32.3,142.9,135.3,3266.1,928.5,2154.5,183.1,7161.6
Ohio,2011,305.2,4.3,31.9,138.6,130.4,3297.6,978.3,2138,181.3,7205.6
Ohio,2012,301.5,4.1,33,133.3,131,3206.4,911.6,2123.9,171,7015.8
Ohio,2013,291.4,4.1,37.9,125.2,124.2,2924.4,787.2,1968.5,168.7,6431.6
Ohio,2014,284.9,4,43.5,110,127.4,2799.1,680,1963.6,155.4,6167.9
Oklahoma,2000,497.8,5.3,41.2,75.8,375.5,4060.8,917.5,2785.4,357.8,9117.1
Oklahoma,2001,510.9,5.3,42.8,79.1,383.6,4083.5,996.5,2724.7,362.3,9188.7
Oklahoma,2002,504,4.7,45.1,85,369.2,4244.7,1007.9,2870.9,366,9497.5
Oklahoma,2003,506.4,5.9,42.8,91.9,365.8,4312.3,993.8,2948.9,369.5,9637.3
Oklahoma,2004,500.5,5.3,44.2,87.7,363.3,4242.1,1000.2,2874.1,367.7,9485.1
Oklahoma,2005,509,5.3,41.8,91.2,371,4047,1007.3,2648,392,9112.6
Oklahoma,2006,500.2,5.9,41.6,87.9,364.9,3624.5,962.1,2286.9,375.4,8249.4
Oklahoma,2007,504.1,6.2,43.3,93.8,360.8,3558.3,950.1,2232.2,376,8124.8
Oklahoma,2008,531.5,5.9,40.4,101.5,383.7,3474,967.7,2203.7,302.6,8011
Oklahoma,2009,503.4,6.3,41.6,91.1,364.3,3589.6,1032.6,2273.2,283.9,8186
Oklahoma,2010,481.4,5.2,39.1,89,348.1,3443,1006.5,2162.2,274.3,7848.8
Oklahoma,2011,457.5,5.6,37.3,86.9,327.7,3372.4,963.5,2115.8,293.1,7659.8
Oklahoma,2012,474.4,5.8,42.5,85.1,341,3432.3,945.9,2178.6,307.8,7813.4
Oklahoma,2013,446.1,5.1,60.1,78.5,302.4,3280.9,869.7,2118.4,292.8,7454
Oklahoma,2014,406,4.5,45.8,78.6,277,2990.7,760.9,1956.9,272.9,6793.3
Oregon,2000,350.7,2,37.6,84.4,226.7,4494.7,748.8,3338.7,407.2,9690.8
Oregon,2001,306.6,2.4,33.8,79.1,191.3,4736.6,767.2,3542.1,427.3,10086.4
Oregon,2002,292.5,2,35.2,77.9,177.4,4577.5,729.9,3378.2,469.4,9740
Oregon,2003,294.8,1.9,34.2,79.9,178.8,4765.6,801.3,3432,532.3,10120.8
Oregon,2004,298.6,2.5,35.7,76.6,183.8,4635.4,837.3,3282,516.1,9868
Oregon,2005,287,2.2,34.8,68.1,181.9,4402,759.1,3114,529,9378.1
Oregon,2006,284.6,2.4,32.9,73.3,176.1,3725.1,657.3,2672.3,395.5,8019.5
Oregon,2007,293.9,2,34,76.4,181.4,3543,613.2,2539.2,390.6,7673.7
Oregon,2008,261.4,2.3,31.2,70.1,157.9,3302.6,557.1,2445.3,300.2,7128.1
Oregon,2009,260.6,2.3,31.4,65.3,161.5,3000.3,516,2223.5,260.8,6521.7
Oregon,2010,251.4,2.5,32.3,63.1,153.5,3039.3,522,2279.5,237.8,6581.4
Oregon,2011,249.3,2.2,32,57.8,157.3,3150.5,535.2,2379.9,235.4,6799.6
Oregon,2012,247.1,2.3,29.7,62,153.1,3241.6,565.4,2413.3,262.9,6977.4
Oregon,2013,242.8,2.1,37.3,60.9,142.5,3184.3,529.7,2402.3,252.3,6854.2
Oregon,2014,232.3,2,36.7,52.7,140.8,2879,434,2204.6,240.5,6222.6
Pennsylvania,2000,420,4.9,26.4,147.8,240.9,2575.3,440.4,1839.2,295.8,5990.7
Pennsylvania,2001,409.9,5.3,28.2,142.2,234.2,2547.4,441.7,1815.4,290.3,5914.6
Pennsylvania,2002,402.1,5.1,30.3,139.2,227.6,2440.4,451.1,1723.1,266.2,5685.1
Pennsylvania,2003,397.8,5.2,28.7,145.3,218.5,2430.2,435.9,1724.1,270.3,5656
Pennsylvania,2004,411.5,5.2,28.5,149.1,228.6,2417.3,439.3,1728.2,249.9,5657.6
Pennsylvania,2005,425,6.1,28.9,154.9,235.4,2422,452.5,1732,237,5693.8
Pennsylvania,2006,442.3,6,29,169.6,237.8,2448.3,464.1,1745.4,238.8,5781.3
Pennsylvania,2007,416.7,5.8,27.7,156.4,226.8,2363.5,451.2,1699.1,213.2,5560.4
Pennsylvania,2008,410,5.7,28,151.6,224.8,2412.3,471.4,1760.2,180.7,5644.7
Pennsylvania,2009,382.3,5.3,28.8,138.9,209.4,2199,434.5,1623.1,141.4,5162.7
Pennsylvania,2010,366.5,5.1,27.3,128.8,205.3,2173.1,434.1,1607.5,131.5,5079.2
Pennsylvania,2011,362.4,5,26.2,126.8,204.4,2224.1,454.9,1636.9,132.4,5173.1
Pennsylvania,2012,355.5,5.5,26.4,123.3,200.3,2166.7,446.9,1601.4,118.4,5044.4
Pennsylvania,2013,335.1,4.8,29.7,115.3,185.3,2059.1,406.8,1544.5,107.7,4788.3
Pennsylvania,2014,314.1,4.8,29.9,105.8,173.5,1931.7,357.5,1472.2,102,4491.5
Rhode Island,2000,297.7,4.3,39.3,88,166.2,3178.7,631.5,2102.2,445,6952.9
Rhode Island,2001,309.3,3.7,39.3,93,173.4,3373,644,2253.1,475.9,7364.7
Rhode Island,2002,285.6,3.8,37,85.7,159,3308.2,600.5,2251.3,456.4,7187.5
Rhode Island,2003,285.7,2.3,46.9,77.1,159.3,2995.2,513.3,2074.2,407.7,6561.7
Rhode Island,2004,247.5,2.4,29.6,67.7,147.8,2886,506.1,2002.3,377.6,6267
Rhode Island,2005,252,3.2,30.1,72.3,146.9,2728,495.4,1823,410,5960.9
Rhode Island,2006,230.4,2.5,27.1,69.3,131.5,2614.6,510.8,1765.8,338,5690
Rhode Island,2007,229.1,1.8,24.4,71.8,131.1,2606.8,492.1,1812.7,302,5671.8
Rhode Island,2008,252.8,3,26.8,83.7,139.2,2845,548.7,1991.5,304.8,6195.5
Rhode Island,2009,254.3,3,28.1,74.5,148.6,2616.6,546.2,1842.3,228.1,5741.7
Rhode Island,2010,257.4,2.8,28.3,74.3,152,2561.4,581.8,1751.2,228.3,5637.5
Rhode Island,2011,246.1,1.9,30.4,70.8,143.1,2662.7,650.6,1786,226.1,5817.7
Rhode Island,2012,253,3.4,27.8,68.1,153.7,2574.4,564.5,1759.3,250.6,5654.8
Rhode Island,2013,257.3,2.9,42.6,64.8,146.9,2443.7,533.6,1697.5,212.6,5401.9
Rhode Island,2014,219.2,2.4,34.2,50.1,132.5,2173.6,457.1,1542.8,173.7,4785.6
South Carolina,2000,828.1,7.3,41.4,155,624.5,4518.7,969.3,3125.2,388.5,10658
South Carolina,2001,815.2,8.1,43.5,147.4,616.1,4580.2,1049,3120.1,411.1,10790.7
South Carolina,2002,822.7,7.3,47.7,140.7,627,4479,1066,3002,411,10603.4
South Carolina,2003,806.4,7.3,47.1,139.8,612.2,4521.7,1060.4,3080.7,380.6,10656.2
South Carolina,2004,789.9,6.8,42.2,130.3,610.6,4536.9,1041.9,3120.4,374.6,10653.6
South Carolina,2005,767,7.4,43.8,133.2,582.9,4370,1006.4,2978,386,10274.7
South Carolina,2006,771.1,8.4,42.4,136.6,583.7,4274.5,994,2894.4,386.1,10091.2
South Carolina,2007,785.7,8.3,40.2,144.2,593,4294.8,1030,2876.8,388,10161
South Carolina,2008,731,6.9,37.6,147.2,539.3,4240.1,1026,2819.7,394.4,9942.2
South Carolina,2009,675.2,6.7,36.5,126.1,506,3909.2,996.3,2614.4,298.5,9168.9
South Carolina,2010,602.2,5.7,33.4,108.2,454.8,3905.4,997.6,2621.1,286.7,9015.1
South Carolina,2011,596.9,6.8,35.9,99.1,455,3921,1013.2,2616,291.8,9035.7
South Carolina,2012,560.5,7,36.2,95.5,421.7,3833,957.4,2590.1,285.5,8786.9
South Carolina,2013,508.5,6.4,46.8,83.1,372.2,3630.8,857.7,2509,264.1,8278.6
South Carolina,2014,497.7,6.4,42.8,82.7,365.8,3460.3,759.9,2433.4,267,7916
South Dakota,2000,166.8,0.9,40.4,17.4,108.1,2153,383.7,1663.7,105.7,4639.7
South Dakota,2001,154.4,0.9,46.3,13.6,93.6,2172.3,407.1,1657.7,107.5,4653.4
South Dakota,2002,177.5,1.4,47.5,15.4,113.2,2103,399,1596.3,107.7,4561
South Dakota,2003,173.7,1.3,46.5,13.6,112.3,2003.4,376.3,1512.9,114.3,4354.3
South Dakota,2004,171.2,2.2,43.6,14.5,110.8,1931.6,408.5,1413.1,109.9,4205.4
South Dakota,2005,179,2.3,48.7,18.7,109.3,1767,323.3,1336,108,3892.3
South Dakota,2006,264.9,3.8,59.5,20.2,181.3,1766.4,386.7,1273,106.7,4062.5
South Dakota,2007,241.9,3.9,54.4,14.8,168.8,1736.8,332.4,1305.9,98.5,3957.4
South Dakota,2008,276.9,4.6,69.9,16.7,185.8,1724.3,333.6,1276.6,114.2,4002.6
South Dakota,2009,218.7,3.7,61.7,14.4,139,1769.9,322.6,1340.6,106.6,3977.2
South Dakota,2010,268.9,2.8,47.1,18.9,200.1,1859.9,390.9,1371.1,98,4257.7
South Dakota,2011,255.6,2.4,61.1,20.3,171.8,1857.6,355.4,1387,115.2,4226.4
South Dakota,2012,323.8,2.8,71.9,18.8,230.3,2077.3,393.3,1555.4,128.6,4802.2
South Dakota,2013,323.2,2.1,60,18.5,242.7,1924.8,400.1,1413.9,110.7,4496
South Dakota,2014,326.5,2.3,55.1,23.4,245.7,1863.9,330.3,1415.5,118,4380.7
Tennessee,2000,707.2,7.2,38.4,166.4,495.2,4183,990.4,2708.8,483.9,9780.5
Tennessee,2001,744,7.4,38.2,177.7,520.7,4400.3,1038.5,2870.1,491.7,10288.6
Tennessee,2002,717.8,7.3,39.6,162.6,508.5,4307.6,1057.9,2791.3,458.4,10051
Tennessee,2003,691.3,6.8,36.4,161,487.1,4389.3,1083.3,2853.1,452.9,10161.2
Tennessee,2004,697.6,6.1,38.7,150.4,502.5,4326.8,1024.7,2881.7,420.4,10048.9
Tennessee,2005,757,7.2,36.8,168.1,545.2,4300,1032.8,2844,424,10115.1
Tennessee,2006,762.5,6.9,36.3,184.5,534.7,4137.6,1043.7,2718.8,375.1,9800.1
Tennessee,2007,755,6.6,35.7,179.2,533.4,4098.6,1004.1,2741.8,352.8,9707.2
Tennessee,2008,722.7,6.6,33.4,173.8,508.8,4040.1,1047.4,2683.8,309,9525.6
Tennessee,2009,666,7.4,32.1,153.3,473.2,3766.6,1013.8,2514.3,238.5,8865.2
Tennessee,2010,612,5.6,34.2,131.5,440.7,3662.7,1011.3,2418.1,233.3,8549.4
Tennessee,2011,607.8,5.9,32.7,126.3,442.8,3607.9,981.8,2405.2,221,8431.4
Tennessee,2012,638.5,6.2,31.7,126.3,474.3,3376.1,871.1,2304.2,200.8,8029.2
Tennessee,2013,585.8,5.2,38.5,112.9,429.3,3196.5,790.1,2223.1,183.2,7564.6
Tennessee,2014,608.4,5.7,38.6,110.9,453.2,3060.6,712.2,2156,192.4,7338
Texas,2000,545.1,5.9,37.7,145.1,356.3,4410.4,906.3,3057.4,446.8,9911
Texas,2001,571.6,6.2,38.2,165.4,361.7,4570,956.3,3133.3,480.4,10283.1
Texas,2002,579.7,6,39.1,172.9,361.7,4620.1,978.1,3169.7,472.4,10399.7
Texas,2003,553.1,6.4,36.3,167.5,342.9,4599.9,994.8,3160.8,444.3,10306
Texas,2004,540.9,6.1,37.3,159.4,338.1,4497.7,979.5,3099.5,418.6,10077.1
Texas,2005,528,6.1,37.1,156.1,328.8,4319,958.8,2953,408,9694.9
Texas,2006,517.3,5.9,35.9,158.5,317,4083.1,917.6,2759.6,405.9,9200.8
Texas,2007,510.4,5.9,35.4,162.2,306.9,4122.3,955.1,2774,393.2,9265.4
Texas,2008,508,5.6,33.1,155.1,314.1,3986.8,945.6,2690.2,351,8989.5
Texas,2009,491,5.4,33.5,153.4,298.7,4015.3,968.7,2737.7,309,9012.7
Texas,2010,448.4,4.9,30.2,130.1,283.2,3766.8,905.2,2592.2,269.4,8430.4
Texas,2011,408.6,4.4,29.2,111.7,263.3,3483.2,841.7,2392.1,249.4,7783.6
Texas,2012,408.6,4.4,29.6,116.6,258,3363.1,786.6,2327,249.5,7543.4
Texas,2013,410.3,4.3,39.4,120,246.6,3253.2,720.8,2284.2,248.2,7327
Texas,2014,405.9,4.4,42.3,115.7,243.6,3019.4,627.8,2137.3,254.3,6850.7
Utah,2000,255.7,1.9,38.6,55.6,159.5,4220.3,642.5,3288.5,289.3,8951.9
Utah,2001,233.2,2.9,39.3,52.5,138.4,3993.2,605.8,3101.6,285.8,8452.7
Utah,2002,236.7,2,40.7,49.2,144.8,4210.9,652.2,3225.6,333,8895.1
Utah,2003,250.4,2.6,39.1,53.5,155.3,4255.1,721.1,3202.3,331.7,9011.1
Utah,2004,233.3,1.9,39.9,51.1,140.4,4038.6,628.9,3093.7,315.9,8543.7
Utah,2005,225,2.2,36.9,44,142.2,3837,601.2,2894,341,8123.5
Utah,2006,226.3,2,34.9,48.7,140.7,3512.5,577.3,2607,328.3,7477.7
Utah,2007,239.9,2.2,35.3,53.9,148.5,3518.7,589.5,2592.2,337,7517.2
Utah,2008,225.3,1.5,33.4,51.9,138.4,3375.7,539.6,2569,267.1,7201.9
Utah,2009,215.4,1.4,33.8,46.8,133.4,3295,547.9,2497.9,249.1,7020.7
Utah,2010,213.5,1.9,35.4,45.7,130.4,3182,543.9,2422.7,215.4,6790.9
Utah,2011,197.1,1.8,32,38.3,125,2987.7,468,2299.9,219.8,6369.6
Utah,2012,208,1.8,34.2,38.7,133.4,3022.3,458.7,2352.4,211.3,6460.8
Utah,2013,228.9,1.8,52.4,43,131.7,3043.1,472.9,2312.1,258.1,6544
Utah,2014,215.6,2.3,49.4,44.6,119.4,2878.5,391.4,2239.1,248,6188.3
Vermont,2000,113.5,1.5,23,19.2,69.8,2873.4,575,2165.5,132.9,5973.8
Vermont,2001,105.1,1.1,17.5,17.5,69,2664.7,513.9,2027.2,123.7,5539.7
Vermont,2002,106.7,2.1,20.4,12.5,71.7,2424,566,1733.3,124.8,5061.5
Vermont,2003,114.2,2.4,20.3,10,81.4,2228.7,487.1,1635.9,105.6,4685.6
Vermont,2004,114.8,2.6,25.8,12.6,73.9,2343.6,552.9,1696.1,94.5,4916.8
Vermont,2005,126,1.3,24.6,12.2,87.6,2370,511.7,1750,108,4991.4
Vermont,2006,145.1,2.2,27.7,18.3,96.8,2391.4,551.8,1740.2,99.4,5072.9
Vermont,2007,129.1,2.1,20.6,12.7,93.7,2366.5,515.1,1747,104.5,4991.3
Vermont,2008,137.5,2.7,21.4,15,98.3,2559.8,565.8,1899.7,94.3,5394.5
Vermont,2009,134.6,1.3,21.2,17.9,94.2,2414.1,558.3,1783.6,72.2,5097.4
Vermont,2010,131,1.1,22.5,12.1,95.2,2262.3,534.9,1657.3,70.1,4786.5
Vermont,2011,147.6,1.8,23.3,15.8,106.8,2407.6,612.5,1710.8,84.3,5110.5
Vermont,2012,142.3,1.3,20.9,18.2,101.9,2500.7,667.6,1759.6,73.5,5286
Vermont,2013,123.6,1.6,21.7,12,88.4,2214.5,534.7,1626.1,53.8,4676.4
Vermont,2014,99.3,1.6,17.6,11.2,68.9,1524.4,324.6,1160.8,38.9,3247.3
Virginia,2000,281.7,5.7,22.8,88.9,164.3,2746.4,429.9,2064.8,251.6,6056.1
Virginia,2001,291,5.1,24.6,95.3,166,2883.3,439.1,2182.4,261.8,6348.6
Virginia,2002,291.7,5.3,25.2,95.5,165.6,2851.1,435.8,2161.8,253.5,6285.5
Virginia,2003,278.2,5.6,24.5,91.1,156.9,2721.5,395.2,2082.3,244.1,5999.4
Virginia,2004,275.5,5.2,24.3,92.2,153.8,2678.2,384.4,2060.5,233.3,5907.4
Virginia,2005,283,6.1,23.3,99.1,154.9,2649,394.3,2044,211,5864.7
Virginia,2006,283.7,5.3,23.9,101.8,152.7,2489.3,420.9,1874.8,193.6,5546
Virginia,2007,272.8,5.4,23.2,99.8,144.3,2486.5,415.3,1888.4,182.8,5518.5
Virginia,2008,257.8,4.8,23.1,96.2,133.8,2532.2,414.3,1946.1,171.8,5580.1
Virginia,2009,230.8,4.7,19.9,80.5,125.7,2461.4,405.4,1907.7,148.3,5384.4
Virginia,2010,214.2,4.7,19.7,70.8,119,2335.5,383.9,1819.4,132.2,5099.4
Virginia,2011,197.6,3.8,19.6,66.9,107.3,2256.8,378.3,1758,120.6,4908.9
Virginia,2012,191.5,3.9,18.4,57.6,111.5,2179.6,362.2,1705.9,111.5,4742.1
Virginia,2013,197.8,3.9,28.4,55.3,110.2,2074.4,323,1647,104.3,4544.3
Virginia,2014,196.2,4.1,27.7,51.5,112.9,1930.3,277.7,1560.5,92.1,4253
Washington,2000,369.7,3.3,46.4,98.6,221.3,4736,907.3,3234.6,594.1,10211.3
Washington,2001,354.7,3,43.4,99,209.3,4792.5,884.7,3255.8,652,10294.4
Washington,2002,345.5,3,45.1,95.5,201.9,4762.9,905.7,3189.8,667.4,10216.8
Washington,2003,346.9,3,46.7,93.3,204,4755,950.4,3142.1,662.5,10203.9
Washington,2004,343.6,3.1,46,94.5,200,4846.7,976.8,3173.4,696.5,10380.6
Washington,2005,346,3.3,44.7,92,205.7,4890,959.1,3147,783,10470.8
Washington,2006,348.7,3.1,43,100.4,202.2,4510.1,920,2864.1,726,9717.6
Washington,2007,336.5,2.7,41,94,198.8,4047,817.4,2640.2,589.3,8766.9
Washington,2008,334.2,2.9,40.5,98,192.7,3806.3,811.3,2550.1,444.8,8280.8
Washington,2009,336.3,2.9,38.8,100.7,194,3679.6,796,2527.3,356.3,8031.9
Washington,2010,313.5,2.3,38.2,87.9,185,3699.1,818.5,2498.8,381.8,8025.1
Washington,2011,295.3,2.4,34,82.5,176.5,3579.1,828.9,2386.4,363.8,7748.9
Washington,2012,298.1,3.1,32.6,84.1,178.2,3689.1,890.1,2412.3,386.7,7974.3
Washington,2013,290,2.4,37.3,83.6,166.7,3715.9,838.7,2469.6,407.6,8011.8
Washington,2014,285.2,2.5,38.2,79.9,164.7,3706.1,783,2489.1,434,7982.7
West Virginia,2000,316.5,2.5,18.3,41.4,254.2,2286.3,546.9,1556.1,183.3,5205.5
West Virginia,2001,279.6,2.2,17.8,39.3,220.3,2281.3,533.1,1569.6,178.6,5121.8
West Virginia,2002,233.9,3.2,18.2,36.4,176.1,2277.1,536.2,1525,216,5022.1
West Virginia,2003,255.4,4,17.2,38.7,195.5,2339,579.5,1568.3,191.2,5188.8
West Virginia,2004,281.9,3.8,19.1,42.7,216.4,2555.8,606.5,1741.5,207.8,5675.5
West Virginia,2005,274,4.5,18.5,45,205.9,2633,624.8,1797,211,5813.7
West Virginia,2006,281.2,4.4,22.2,46.9,207.6,2636.3,636.7,1776.5,223.1,5834.9
West Virginia,2007,276.8,3.6,21.4,46.7,205.1,2517.6,597.2,1728.5,191.9,5588.8
West Virginia,2008,275.9,3.7,21.4,49.4,201.4,2533.6,597.4,1761.8,174.4,5619
West Virginia,2009,305.2,4.6,25.8,50.2,224.5,2539.6,659.7,1728.4,151.5,5689.5
West Virginia,2010,301.2,3.1,19.5,41.8,236.7,2227.2,581.2,1515.6,130.4,5056.7
West Virginia,2011,296.3,4.7,20.1,43.2,228.4,2103,552.3,1437.1,113.6,4798.7
West Virginia,2012,320.1,3.8,22.4,45,249,2396.8,617.6,1658.9,120.3,5433.9
West Virginia,2013,305.2,3.3,37.8,35.2,228.9,2154.1,534.5,1513.5,106.1,4918.6
West Virginia,2014,302,4,27.3,35.2,235.5,2034.7,484.9,1447.3,102.5,4673.4
Wisconsin,2000,236.8,3.2,21.7,84.6,127.3,2972.3,469.5,2229.9,272.9,6418.2
Wisconsin,2001,231,3.6,21.1,82.2,124.1,3087.8,498.1,2317.4,272.3,6637.6
Wisconsin,2002,225,2.8,22.7,86.6,112.8,3028.6,513.4,2267.9,247.4,6507.2
Wisconsin,2003,221.1,3.3,22,80.3,115.5,2880.4,484.9,2169.7,225.8,6203
Wisconsin,2004,209.8,2.8,20.6,73.9,112.5,2665.7,433.4,2025.6,206.7,5751
Wisconsin,2005,242,3.7,20.5,82.4,135.2,2669,442.3,2000,228,5823.1
Wisconsin,2006,286.1,3,22.2,100.1,160.8,2821,486.6,2081.9,252.5,6214.2
Wisconsin,2007,291.5,3.3,21.9,97.8,168.5,2843.9,497.9,2105.8,240.3,6270.9
Wisconsin,2008,275.5,2.6,20,91.7,161.2,2762.2,487.9,2069.2,205.1,6075.4
Wisconsin,2009,259.1,2.6,19.8,86.7,150,2611.8,474.2,1979.7,158,5741.9
Wisconsin,2010,248.9,2.7,20.9,79.3,145.9,2508.6,468,1897.4,143.2,5514.9
Wisconsin,2011,249.9,2.4,20.8,80.6,146.1,2450.4,475.8,1829.7,144.9,5400.6
Wisconsin,2012,283.9,3,21.5,82,177.6,2459.2,487.9,1827.5,143.8,5486.4
Wisconsin,2013,280.7,2.8,32,84.2,161.7,2188.7,424.1,1635.8,128.7,4938.7
Wisconsin,2014,290.3,2.9,29.1,88,170.4,2088.3,368.5,1547.6,172.3,4757.4
United States-Total,2000,506.5,5.5,32,145,324,3618.3,728.8,2477.3,412.2,8249.6
United States-Total,2001,504.5,5.6,31.8,148.5,318.6,3658.1,741.8,2485.7,430.5,8325.1
United States-Total,2002,494.4,5.6,33.1,146.1,309.5,3630.6,747,2450.7,432.9,8249.9
United States-Total,2003,475.8,5.7,32.3,142.5,295.4,3591.2,741,2416.5,433.7,8134.1
United States-Total,2004,463.2,5.5,32.4,136.7,288.6,3514.1,730.3,2362.3,421.5,7954.6
United States-Total,2005,469,5.6,31.8,140.8,290.8,3431.5,726.9,2287.8,416.8,7801
United States-Total,2006,479.3,5.8,31.6,150,292,3346.6,733.1,2213.2,400.2,7651.8
United States-Total,2007,471.8,5.7,30.6,148.3,287.2,3276.4,726.1,2185.4,364.9,7496.4
United States-Total,2008,458.6,5.4,29.8,145.9,277.5,3214.6,733,2166.1,315.4,7346.3
United States-Total,2009,431.9,5,29.1,133.1,264.7,3041.3,717.7,2064.5,259.2,6946.5
United States-Total,2010,404.5,4.8,27.7,119.3,252.8,2945.9,701,2005.8,239.1,6700.9
United States-Total,2011,387.1,4.7,27,113.9,241.5,2905.4,701.3,1974.1,230,6585
United States-Total,2012,387.8,4.7,27.1,113.1,242.8,2868,672.2,1965.4,230.4,6511.5
United States-Total,2013,379.1,4.5,35.9,109,229.6,2733.3,610.4,1901.6,221.3,6224.7
United States-Total,2014,375.7,4.5,36.6,102.2,232.5,2596.1,542.5,1837.3,216.2,5943.6
,,,,,,,,,,,
,,,,,,,,,,,
,"		",,,,,,,,,,
,"		",,,,,,,,,,
,"		",,,,,,,,,,
,"		",,,,,,,,,,
,"		",,,,,,,,,,
,"		",,,,,,,,,,
,"		",,,,,,,,,,
,,,,,,,,,,,
,,,,,,,,,,,
, ,,,,,,,,,,
,,,,,,,,,,,
, ,,,,,,,,,,
,,,,,,,,,,,
,,,,,,,,,,,
, ,,,,,,,,,,
,,,,,,,,,,,
, ,,,,,,,,,,
,,,,,,,,,,,
, ,,,,,,,,,,
,,,,,,,,,,,
, ,,,,,,,,,,
,,,,,,,,,,,
,,,,,,,,,,,
, ,,,,,,,,,,
,,,,,,,,,,,
, ,,,,,,,,,,
,,,,,,,,,,,
,,,,,,,,,,,
,,,,,,,,,,,
, ,,,,,,,,,,
,,,,,,,,,,,
, ,,,,,,,,,,
,,,,,,,,,,,
,,,,,,,,,,,
, ,,,,,,,,,,
,,,,,,,,,,,
, ,,,,,,,,,,
,,,,,,,,,,,
,,,,,,,,,,,
,,,,,,,,,,,
,,,,,,,,,,,
, ,,,,,,,,,,
,,,,,,,,,,,
,  ,,,,,,,,,,
, ,,,,,,,,,,
,,,,,,,,,,,
, ,,,,,,,,,,
,,,,,,,,,,,
,,,,,,,,,,,
,,,,,,,,,,,
,,,,,,,,,,,
,,,,,,,,,,,
,,,,,,,,,,,
,,,,,,,,,,,
,,,,,,,,,,,
, ,,,,,,,,,,
,,,,,,,,,,,
, ,,,,,,,,,,
,,,,,,,,,,,
,,,,,,,,,,,
,,,,,,,,,,,
,,,,,,,,,,,
,,,,,,,,,,,
,,,,,,,,,,,
,,,,,,,,,,,
,,,,,,,,,,,
,,,,,,,,,,,
, ,,,,,,,,,,
,,,,,,,,,,,
,  ,,,,,,,,,,
, ,,,,,,,,,,
,,,,,,,,,,,
,  ,,,,,,,,,,
, ,,,,,,,,,,
,,,,,,,,,,,
, ,,,,,,,,,,
,,,,,,,,,,,
, ,,,,,,,,,,
,,,,,,,,,,,
, ,,,,,,,,,,
,,,,,,,,,,,
,,,,,,,,,,,
,,,,,,,,,,,
,,,,,,,,,,,
,,,,,,,,,,,
,,,,,,,,,,,
,,,,,,,,,,,
,,,,,,,,,,,
, ,,,,,,,,,,
,,,,,,,,,,,
, ,,,,,,,,,,
,,,,,,,,,,,
,,,,,,,,,,,
,,,,,,,,,,,
, ,,,,,,,,,,
,,,,,,,,,,,
, ,,,,,,,,,,
,,,,,,,,,,,
, ,,,,,,,,,,
,,,,,,,,,,,
,  ,,,,,,,,,,
, ,,,,,,,,,,
,,,,,,,,,,,
,  ,,,,,,,,,,
, ,,,,,,,,,,
,,,,,,,,,,,
,  ,,,,,,,,,,
, ,,,,,,,,,,
,,,,,,,,,,,
, ,,,,,,,,,,
,,,,,,,,,,,
,"Sources: FBI, Uniform Crime Reports, prepared by the National Archive of Criminal Justice Data ",,,,,,,,,,
,Date of download: Mar 26 2019 ,,,,,,,,,,
